video/plan,Chen,Faster,Middle,Pei,Yolom,Zhang,source
1900-1-1 plan_n°17.mp4,0,0,0,0,0,0,BS
1900-1-2 plan_n°28.mp4,0,0,0,0,0,0,BS
1900-2-1 plan_n°29.mp4,1,0,0,0,0,0,BS
1900-2-2 plan_n°77.mp4,0,0,1,0,0,0,BS
1900-3-1 plan_n°11.mp4,0,0,0,0,0,0,BS
1900-3-2 plan_n°15.mp4,0,0,0,0,0,0,BS
1900-4-1 plan_n°20.mp4,0,0,0,0,0,0,BS
1900-4-2 plan_n°39.mp4,0,0,0,0,0,0,BS
1900-6-1 plan_n°3.mp4,0,0,0,0,0,0,BS
1900-6-2 plan_n°8.mp4,0,0,0,0,0,0,BS
1900-8-1 plan_n°9.mp4,0,0,0,0,0,0,BS
1900-8-2 plan_n°19.mp4,0,0,0,0,0,0,BS
1910-1-1 plan_n°164.mp4,0,0,0,0,0,0,BS
1910-1-2 plan_n°173.mp4,0,0,0,0,0,0,BS
1910-2-1 plan_n°9.mp4,0,0,0,0,0,0,BS
1910-2-2 plan_n°16.mp4,0,0,0,0,0,0,BS
1910-3-1 plan_n°288.mkv,0,0,0,0,0,0,BS
1910-3-2 plan_n°446.mkv,0,0,0,0,0,0,BS
1910-4-1 plan_n°280.mp4,0,0,0,0,0,0,BS
1910-4-2 plan_n°475.mp4,0,0,0,0,0,0,BS
1910-6-1 plan_n°114.mp4,0,0,0,0,0,0,BS
1910-6-2 plan_n°466.mp4,0,0,0,0,0,0,BS
1910-8-1 plan_n°47.mp4,0,0,0,0,0,0,BS
1910-8-2 plan_n°139.mp4,0,0,0,0,0,0,BS
1920-1-1 plan_n°107.mp4,1,1,1,0,1,0,BS
1920-1-2 plan_n°563.mp4,0,0,0,0,0,0,BS
1920-2-1 plan_n°23.mp4,0,0,0,0,0,0,BS
1920-2-2 plan_n°414.mp4,0,0,0,0,0,0,BS
1920-3-1 plan_n°381.mp4,0,0,0,0,0,0,BS
1920-3-2 plan_n°780.mp4,0,0,0,0,0,0,BS
1920-4-1 plan_n°178.mp4,0,0,0,0,0,0,BS
1920-4-2 plan_n°577.mp4,0,0,0,0,0,0,BS
1920-5-1 plan_n°420.mp4,0,0,0,0,0,0,BS
1920-5-2 plan_n°626.mp4,0,0,0,0,0,0,BS
1920-6-1 plan_n°218.mp4,1,0,0,1,0,1,BS
1920-6-2 plan_n°240.mp4,0,0,0,0,0,0,BS
1920-7-1 plan_n°18.mp4,0,0,0,0,0,0,BS
1920-7-2 plan_n°34.mp4,0,0,0,0,0,0,BS
1920-8-1 plan_n°42.mp4,1,0,0,0,0,0,BS
1920-8-2 plan_n°459.mp4,1,1,1,0,1,1,BS
1930-1-1 plan_n°43.mp4,0,0,0,0,0,0,BS
1930-1-2 plan_n°158.mp4,0,0,0,0,0,0,BS
1930-2-1 plan_n°111.mp4,0,0,0,0,0,0,BS
1930-2-2 plan_n°254.mp4,0,0,0,0,0,0,BS
1930-3-1 plan_n°80.mp4,0,0,0,0,0,0,BS
1930-3-2 plan_n°475.mp4,0,0,0,0,0,0,BS
1930-4-1 plan_n°103.mp4,0,0,0,0,0,0,BS
1930-4-2 plan_n°309.mp4,0,0,0,0,0,0,BS
1930-5-1 plan_n°331.mp4,0,0,0,0,0,0,BS
1930-5-2 plan_n°714.mp4,0,0,0,0,0,0,BS
1930-6-1 plan_n°122.mp4,0,0,0,0,0,0,BS
1930-6-2 plan_n°251.mp4,0,0,0,0,0,0,BS
1930-7-1 plan_n°124.mp4,1,1,0,0,0,1,BS
1930-7-2 plan_n°296.mp4,0,0,0,0,0,0,BS
1930-8-1 plan_n°241.mp4,0,0,0,0,0,0,BS
1930-8-2 plan_n°355.mp4,0,0,0,0,0,0,BS
1940-1-1 plan_n°46.mp4,0,0,0,0,0,0,BS
1940-1-2 plan_n°164.mp4,0,0,0,0,0,0,BS
1940-2-1 plan_n°121.mp4,0,0,0,0,0,0,BS
1940-2-2 plan_n°211.mp4,0,1,1,0,0,0,BS
1940-3-1 plan_n°27.mp4,0,0,0,0,0,0,BS
1940-3-2 plan_n°243.mp4,0,0,0,0,0,0,BS
1940-4-1 plan_n°207.mp4,0,0,0,0,0,0,BS
1940-4-2 plan_n°425.mp4,0,0,0,0,0,0,BS
1940-5-1 plan_n°22.mp4,0,0,0,0,0,0,BS
1940-5-2 plan_n°462.mp4,0,0,0,0,0,0,BS
1940-6-1 plan_n°190.mp4,0,0,0,0,0,0,BS
1940-6-2 plan_n°388.mp4,0,0,0,0,0,0,BS
1940-7-1 plan_n°108.mp4,0,0,0,0,0,0,BS
1940-7-2 plan_n°300.mp4,0,0,0,0,0,0,BS
1940-8-1 plan_n°12.mp4,0,0,0,0,0,0,BS
1940-8-2 plan_n°99.mp4,0,0,0,0,0,0,BS
1950-1-1 plan_n°112.mp4,0,0,0,0,0,0,BS
1950-1-2 plan_n°223.mp4,0,0,0,0,0,0,BS
1950-2-1 plan_n°209.mp4,0,0,0,0,0,0,BS
1950-2-2 plan_n°331.mp4,0,0,0,0,0,0,BS
1950-3-1 plan_n°557.mp4,0,0,0,0,0,0,BS
1950-3-2 plan_n°758.mp4,0,0,0,0,0,0,BS
1950-5-1 plan_n°100.mp4,0,0,0,0,0,0,BS
1950-5-2 plan_n°113.mp4,0,0,0,0,0,0,BS
1950-6-1 plan_n°156.mp4,0,0,0,0,0,0,BS
1950-6-2 plan_n°869.mp4,0,0,0,0,0,0,BS
1950-7-1 plan_n°34.mp4,1,0,1,0,0,0,BS
1950-7-2 plan_n°82.mp4,0,0,0,0,0,0,BS
1950-8-1 plan_n°80.mp4,0,0,0,0,0,0,BS
1950-8-2 plan_n°109.mp4,0,0,0,0,0,0,BS
1960-1-1 plan_n°225.mp4,0,0,0,0,0,0,BS
1960-1-2 plan_n°493.mp4,0,0,0,0,0,0,BS
1960-2-1 plan_n°169.mp4,0,0,0,0,0,0,BS
1960-2-2 plan_n°717.mp4,0,0,0,0,0,0,BS
1960-3-1 plan_n°100.mp4,0,0,0,0,0,0,BS
1960-3-2 plan_n°545.mp4,0,0,0,0,0,0,BS
1960-4-1 plan_n°132.mp4,0,0,0,0,0,0,BS
1960-4-2 plan_n°805.mp4,0,0,0,0,0,0,BS
1960-5-1 plan_n°162.mp4,0,0,0,0,0,0,BS
1960-5-2 plan_n°378.mp4,0,0,0,0,0,0,BS
1960-6-1 plan_n°67.mp4,0,0,0,0,0,0,BS
1960-6-2 plan_n°171.mp4,0,0,0,0,0,0,BS
1960-7-1 plan_n°47.mp4,0,0,0,0,0,0,BS
1960-7-2 plan_n°343.mp4,0,0,0,0,0,0,BS
1960-8-1 plan_n°171.mp4,0,0,0,0,0,0,BS
1960-8-2 plan_n°295.mp4,0,0,0,0,0,0,BS
1970-1-1 plan_n°963.mp4,0,0,0,0,0,0,BS
1970-1-2 plan_n°1122.mp4,0,0,0,0,0,0,BS
1970-2-1 plan_n°100.mp4,0,0,0,0,0,0,BS
1970-2-2 plan_n°326.mp4,0,0,0,0,0,0,BS
1970-3-1 plan_n°444.mp4,0,0,0,0,0,0,BS
1970-3-2 plan_n°789.mp4,0,0,0,0,0,0,BS
1970-4-1 plan_n°64.mp4,0,0,0,0,0,0,BS
1970-4-2 plan_n°330.mp4,0,0,0,0,0,0,BS
1970-5-1 plan_n°335.mp4,0,0,0,0,0,0,BS
1970-5-2 plan_n°581.mp4,0,0,0,0,0,0,BS
1970-6-1 plan_n°76.mp4,0,0,0,0,0,0,BS
1970-6-2 plan_n°417.mp4,0,0,0,0,0,0,BS
1970-7-1 plan_n°77.mp4,0,0,0,0,0,0,BS
1970-7-2 plan_n°446.mp4,0,0,0,0,0,0,BS
1970-8-1 plan_n°162.mp4,0,0,0,0,0,0,BS
1970-8-2 plan_n°301.mp4,0,0,0,0,0,0,BS
1980-1-1 plan_n°165.mp4,0,0,0,0,0,0,BS
1980-1-2 plan_n°247.mp4,0,0,0,0,0,0,BS
1980-2-1 plan_n°131.mp4,0,0,0,0,0,0,BS
1980-2-2 plan_n°330.mp4,0,0,0,0,0,0,BS
1980-3-1 plan_n°569.mp4,0,0,0,0,0,0,BS
1980-3-2 plan_n°735.mp4,0,0,0,0,0,0,BS
1980-4-1 plan_n°114.mp4,0,0,0,0,0,0,BS
1980-4-2 plan_n°535.mp4,0,0,0,0,0,0,BS
1980-5-1 plan_n°374.mp4,0,0,0,0,0,0,BS
1980-5-2 plan_n°490.mp4,0,0,0,0,0,0,BS
1980-6-1 plan_n°16.mp4,0,0,0,0,0,0,BS
1980-6-2 plan_n°55.mp4,0,0,0,0,0,0,BS
1980-7-1 plan_n°60.mp4,0,0,0,0,0,0,BS
1980-7-2 plan_n°276.mp4,0,0,0,0,0,0,BS
1990-1-1 plan_n°52 (maj).mp4,0,0,0,0,0,0,BS
1990-1-2 plan_n°1299 (maj).mp4,0,0,0,0,0,0,BS
1990-2-1 plan_n°148 (maj).mp4,0,0,0,0,0,0,BS
1990-2-2 plan_n°249 (maj).mp4,0,0,0,0,0,0,BS
1990-3-1 plan_n°591 (maj).mp4,0,0,0,0,0,0,BS
1990-3-2 plan_n°869 (maj).mp4,0,0,0,0,0,0,BS
1990-4-1 plan_n°292 (maj).mp4,0,0,0,0,0,0,BS
1990-4-2 plan_n°372 (maj).mp4,0,0,0,0,0,0,BS
1990-5-1 plan_n°359 (maj).mp4,0,0,0,0,0,0,BS
1990-5-2 plan_n°504 (maj).mp4,0,0,0,0,0,0,BS
1990-6-1 plan_n°68 (maj).mp4,0,0,0,0,0,0,BS
1990-6-2 plan_n°278 (maj).mp4,0,1,0,0,1,0,BS
1990-7-1 plan_n°131 (maj).mp4,0,0,0,0,0,0,BS
1990-7-2 plan_n°219 (maj).mp4,0,0,0,0,0,0,BS
1990-8-1 plan_n°216.mp4,0,0,0,0,0,0,BS
1990-8-2 plan_n°651.mp4,0,0,0,0,0,0,BS
2000-1-1 plan_n°611.mp4,0,0,0,0,0,0,BS
2000-1-2 plan_n°1285.mp4,0,0,0,0,0,0,BS
2000-2-1 plan_n°419.mp4,0,0,0,0,0,0,BS
2000-2-2 plan_n°469.mp4,0,0,0,0,0,0,BS
2000-3-1 plan_n°84.mp4,0,0,0,0,0,0,BS
2000-3-2 plan_n°427.mp4,0,0,0,0,0,0,BS
2000-4-1 plan_n°51.mp4,0,0,0,0,0,0,BS
2000-4-2 plan_n°63.mp4,0,0,0,0,0,0,BS
2000-5-1 plan_n°28.mp4,0,0,0,0,0,0,BS
2000-5-2 plan_n°186.mp4,1,0,0,0,0,0,BS
2000-6-1 plan_n°51.mp4,0,0,0,0,0,0,BS
2000-6-2 plan_n°69.mp4,0,0,0,0,0,0,BS
2000-7-1 plan_n°85.mp4,0,0,0,0,0,0,BS
2000-7-2 plan_n°455.mp4,0,0,0,0,0,0,BS
2000-8-1 plan_n°13.mp4,0,0,0,0,0,0,BS
2000-8-2 plan_n°23.mp4,0,0,0,0,0,0,BS
2010-1-1 plan_n°324.mp4,0,0,0,0,0,0,BS
2010-1-2 plan_n°1228.mp4,0,0,0,0,0,0,BS
2010-2-1 plan_n°92.mp4,0,0,0,0,0,0,BS
2010-2-2 plan_n°450.mp4,0,0,0,0,0,0,BS
2010-3-1 plan_n°464.mp4,0,0,0,0,0,0,BS
2010-3-2 plan_n°1236.mp4,0,0,0,0,0,0,BS
2010-4-1 plan_n°301.mp4,0,0,0,0,0,0,BS
2010-4-2 plan_n°315.mp4,0,0,0,0,0,0,BS
2010-5-1 plan_n°177.mp4,0,0,0,0,0,0,BS
2010-5-2 plan_n°373.mp4,0,0,0,0,0,0,BS
2010-6-1 plan_n°97.mp4,0,0,0,0,0,0,BS
2010-6-2 plan_n°195.mp4,0,0,0,0,0,0,BS
2010-7-1 plan_n°40.mp4,0,0,0,0,0,0,BS
2010-7-2 plan_n°130.mp4,0,0,0,0,0,0,BS
2010-8-1 plan_n°360.mp4,0,0,0,0,0,0,BS
2010-8-2 plan_n°402.mp4,0,0,0,0,0,0,BS
2020-1-1 plan_n°86.mp4,0,0,0,0,0,0,BS
2020-1-2 plan_n°484.mp4,0,0,0,0,0,0,BS
2020-2-1 plan_n°209.mp4,0,0,0,0,0,0,BS
2020-2-2 plan_n°1296.mp4,0,0,0,0,0,0,BS
2020-3-1 plan_n°118.mp4,0,0,0,0,0,0,BS
2020-3-2 plan_n°530.mp4,0,0,0,0,0,0,BS
2020-4-1 plan_n°11.mp4,0,0,0,0,0,0,BS
2020-4-2 plan_n°352.mp4,0,0,0,0,0,0,BS
2020-5-1 plan_n°52.mp4,0,0,0,0,0,0,BS
2020-5-2 plan_n°61.mp4,0,0,0,0,0,0,BS
2020-6-1 plan_n°78.mp4,0,0,0,0,0,0,BS
2020-6-2 plan_n°134.mp4,0,0,0,0,0,0,BS
2020-7-1 plan_n°406.mp4,0,0,0,0,0,0,BS
2020-7-2 plan_n°630.mp4,0,0,0,0,0,0,BS
2020-8-1 plan_n°22.mp4,0,0,0,0,0,0,BS
2020-8-2 plan_n°517.mp4,0,0,0,0,0,0,BS
liste_video.txt,0,0,0,0,0,0,BS
